,link,text,date,Likes,Comments,Retweets
0,https://twitter.com/Arantesdo1/status/1754580925436809326#m,Dejen a ese in√∫til tranquilo en ese puesto. Necesitamos que siga enterrando al narco PLN. #PrensaCanalla,"Feb 5, 2024 ¬∑ 7:01 PM UTC",0,0,0
1,https://twitter.com/Arantesdo1/status/1754516416940704198#m,Porque nunca antes se hab√≠a desenmascarado a la mafia que dirige el TSE. Ahora queda claro el porqu√© Antonio Sobrado se march√≥ sin aparente causa de ese Tribunal. Simplemente no quer√≠a quedar expuesto en los fraudes que plane√≥ esa instituci√≥n para ayudar al PLN. #PrensaCanalla,"Feb 5, 2024 ¬∑ 2:44 PM UTC",1,0,0
2,https://twitter.com/Arantesdo1/status/1754378425668616565#m,¬øY cu√°ndo se ha visto que un fraude sea dif√≠cil? El √©xito del estafador radica en hacer la trampa atractiva y muy sencilla para que cualquier incauto caiga. #PrensaCanalla,"Feb 5, 2024 ¬∑ 5:36 AM UTC",0,0,0
3,https://twitter.com/Arantesdo1/status/1754194141125202047#m,¬øY cu√°ndo se ha visto que un fraude sea dif√≠cil? El √©xito del estafador radica en hacer la trampa atractiva y muy sencilla para que cualquier incauto caiga. #PrensaCanalla,"Feb 4, 2024 ¬∑ 5:24 PM UTC",2,0,0
4,https://twitter.com/Arantesdo1/status/1754191175848775843#m,Lo que no hay que escuchar son las voces de la corrupci√≥n. Do√±a Trocha llama voces del odio al hecho de que le recuerden los robos y la impunidad que disfrutan ella y quienes conformaron su gobierno. Nunca m√°s PLN #PrensaCanalla,"Feb 4, 2024 ¬∑ 5:12 PM UTC",0,0,0
5,https://twitter.com/Arantesdo1/status/1753466848740331836#m,El banquero evasor due√±o de la #PrensaCanalla sigue evadiendo impuestos pese a que la ley lo prohibe. ü§∑üèª‚Äç‚ôÇÔ∏è,"Feb 2, 2024 ¬∑ 5:14 PM UTC",0,0,0
6,https://twitter.com/Arantesdo1/status/1753446653439193208#m,"Lo que qued√≥ muy claro es que la Contralora es corrupta, que esta al servicio del narco PLN y que su labor es entorpecer y bloquear al Poder Ejecutivo para proteger los intereses de pol√≠ticos corruptos, choriceros y tragarotas.#PrensaCanalla","Feb 2, 2024 ¬∑ 3:53 PM UTC",0,0,0
7,https://twitter.com/Arantesdo1/status/1753444781521346642#m,"¬øD√≥nde estaba Marta Acosta aplicando la ley en los chorizos del narco PLN, el PAC y FA como la Trocha, Cochinilla, Hueco Fiscal, Diamante y Soresco entre tantos otros? Es corrupta y entorpece la gesti√≥n del gobierno para proteger intereses particulares. #PrensaCanalla","Feb 2, 2024 ¬∑ 3:46 PM UTC",0,0,0
8,https://twitter.com/Arantesdo1/status/1753442784609013796#m,"Qued√≥ muy claro que la Contralora es corrupta, que esta al servicio del narco PLN y que su labor es entorpecer y bloquear al Poder Ejecutivo para proteger los intereses de pol√≠ticos corruptos, choriceros y tragarotas.#PrensaCanalla","Feb 2, 2024 ¬∑ 3:38 PM UTC",1,0,0
9,https://twitter.com/Arantesdo1/status/1753036625183908183#m,"Los vagos in√∫tiles que confornan los sindicatos de la Caja, pidiendo que se nombre otro vago in√∫til de Presidente Ejecutivo a ver si les regala otro aumento salarial como el que ya les dio. Hacer fiesta con la plata que pagan los asegurados no cuesta nada! #PrensaCanalla","Feb 1, 2024 ¬∑ 12:44 PM UTC",0,0,0
10,https://twitter.com/Arantesdo1/status/1752921726877417903#m,Como les chima que este gobierno tenga los mejores Ministros de los √∫ltimos 60 a√±os! #PrensaCanalla,"Feb 1, 2024 ¬∑ 5:08 AM UTC",0,0,0
